{
  "min": [
    9.111688613891602,
    27.225170135498047,
    26.771873474121094,
    3.933645348297432e-05,
    32.05605697631836
  ],
  "max": [
    43.79683303833008,
    49.21641540527344,
    140.43377685546875,
    1.9999957084655762,
    88.96324920654297
  ]
}